title,url,discounted_price,original_price,image
Sling Bag Shoulder Chest Bag Cross Body Multipurpose Bag f Outdoor Travel HHI-542473,https://web.archive.org/web/20190225123327/https:/www.tinydeal.com/sling-bag-shoulder-chest-bag-cross-body-multipurpose-bag-f-outdoor-travel-p-172401.html,$9.35,$14.77 ,https://web.archive.org/web/20190225123327im_/https://www.tinydeal.com/v20131028/includes/templates/template_default/images/spacer_150.png
Sling Bag Shoulder Chest Bag Cross Body Multipurpose Bag f Outdoor Travel HHI-542473,https://web.archive.org/web/20190225123327/https:/www.tinydeal.com/sling-bag-shoulder-chest-bag-cross-body-multipurpose-bag-f-outdoor-travel-p-172401.html,$9.35,$14.77 ,https://web.archive.org/web/20190225123327im_/https://www.tinydeal.com/v20131028/includes/templates/template_default/images/spacer_150.png
Sling Bag Shoulder Chest Bag Cross Body Multipurpose Bag f Outdoor Travel HHI-542473,https://web.archive.org/web/20190225123327/https:/www.tinydeal.com/sling-bag-shoulder-chest-bag-cross-body-multipurpose-bag-f-outdoor-travel-p-172401.html,$9.35,$14.77 ,https://web.archive.org/web/20190225123327im_/https://www.tinydeal.com/v20131028/includes/templates/template_default/images/spacer_150.png
Sling Bag Shoulder Chest Bag Cross Body Multipurpose Bag f Outdoor Travel HHI-542473,https://web.archive.org/web/20190225123327/https:/www.tinydeal.com/sling-bag-shoulder-chest-bag-cross-body-multipurpose-bag-f-outdoor-travel-p-172401.html,$9.35,$14.77 ,https://web.archive.org/web/20190225123327im_/https://www.tinydeal.com/v20131028/includes/templates/template_default/images/spacer_150.png
Sling Bag Shoulder Chest Bag Cross Body Multipurpose Bag f Outdoor Travel HHI-542473,https://web.archive.org/web/20190225123327/https:/www.tinydeal.com/sling-bag-shoulder-chest-bag-cross-body-multipurpose-bag-f-outdoor-travel-p-172401.html,$9.35,$14.77 ,https://web.archive.org/web/20190225123327im_/https://www.tinydeal.com/v20131028/includes/templates/template_default/images/spacer_150.png
Sling Bag Shoulder Chest Bag Cross Body Multipurpose Bag f Outdoor Travel HHI-542473,https://web.archive.org/web/20190225123327/https:/www.tinydeal.com/sling-bag-shoulder-chest-bag-cross-body-multipurpose-bag-f-outdoor-travel-p-172401.html,$9.35,$14.77 ,https://web.archive.org/web/20190225123327im_/https://www.tinydeal.com/v20131028/includes/templates/template_default/images/spacer_150.png
Sling Bag Shoulder Chest Bag Cross Body Multipurpose Bag f Outdoor Travel HHI-542473,https://web.archive.org/web/20190225123327/https:/www.tinydeal.com/sling-bag-shoulder-chest-bag-cross-body-multipurpose-bag-f-outdoor-travel-p-172401.html,$9.35,$14.77 ,https://web.archive.org/web/20190225123327im_/https://www.tinydeal.com/v20131028/includes/templates/template_default/images/spacer_150.png
Sling Bag Shoulder Chest Bag Cross Body Multipurpose Bag f Outdoor Travel HHI-542473,https://web.archive.org/web/20190225123327/https:/www.tinydeal.com/sling-bag-shoulder-chest-bag-cross-body-multipurpose-bag-f-outdoor-travel-p-172401.html,$9.35,$14.77 ,https://web.archive.org/web/20190225123327im_/https://www.tinydeal.com/v20131028/includes/templates/template_default/images/spacer_150.png
Sling Bag Shoulder Chest Bag Cross Body Multipurpose Bag f Outdoor Travel HHI-542473,https://web.archive.org/web/20190225123327/https:/www.tinydeal.com/sling-bag-shoulder-chest-bag-cross-body-multipurpose-bag-f-outdoor-travel-p-172401.html,$9.35,$14.77 ,https://web.archive.org/web/20190225123327im_/https://www.tinydeal.com/v20131028/includes/templates/template_default/images/spacer_150.png
Sling Bag Shoulder Chest Bag Cross Body Multipurpose Bag f Outdoor Travel HHI-542473,https://web.archive.org/web/20190225123327/https:/www.tinydeal.com/sling-bag-shoulder-chest-bag-cross-body-multipurpose-bag-f-outdoor-travel-p-172401.html,$9.35,$14.77 ,https://web.archive.org/web/20190225123327im_/https://www.tinydeal.com/v20131028/includes/templates/template_default/images/spacer_150.png
Sling Bag Shoulder Chest Bag Cross Body Multipurpose Bag f Outdoor Travel HHI-542473,https://web.archive.org/web/20190225123327/https:/www.tinydeal.com/sling-bag-shoulder-chest-bag-cross-body-multipurpose-bag-f-outdoor-travel-p-172401.html,$9.35,$14.77 ,https://web.archive.org/web/20190225123327im_/https://www.tinydeal.com/v20131028/includes/templates/template_default/images/spacer_150.png
Sling Bag Shoulder Chest Bag Cross Body Multipurpose Bag f Outdoor Travel HHI-542473,https://web.archive.org/web/20190225123327/https:/www.tinydeal.com/sling-bag-shoulder-chest-bag-cross-body-multipurpose-bag-f-outdoor-travel-p-172401.html,$9.35,$14.77 ,https://web.archive.org/web/20190225123327im_/https://www.tinydeal.com/v20131028/includes/templates/template_default/images/spacer_150.png
Sling Bag Shoulder Chest Bag Cross Body Multipurpose Bag f Outdoor Travel HHI-542473,https://web.archive.org/web/20190225123327/https:/www.tinydeal.com/sling-bag-shoulder-chest-bag-cross-body-multipurpose-bag-f-outdoor-travel-p-172401.html,$9.35,$14.77 ,https://web.archive.org/web/20190225123327im_/https://www.tinydeal.com/v20131028/includes/templates/template_default/images/spacer_150.png
Sling Bag Shoulder Chest Bag Cross Body Multipurpose Bag f Outdoor Travel HHI-542473,https://web.archive.org/web/20190225123327/https:/www.tinydeal.com/sling-bag-shoulder-chest-bag-cross-body-multipurpose-bag-f-outdoor-travel-p-172401.html,$9.35,$14.77 ,https://web.archive.org/web/20190225123327im_/https://www.tinydeal.com/v20131028/includes/templates/template_default/images/spacer_150.png
Sling Bag Shoulder Chest Bag Cross Body Multipurpose Bag f Outdoor Travel HHI-542473,https://web.archive.org/web/20190225123327/https:/www.tinydeal.com/sling-bag-shoulder-chest-bag-cross-body-multipurpose-bag-f-outdoor-travel-p-172401.html,$9.35,$14.77 ,https://web.archive.org/web/20190225123327im_/https://www.tinydeal.com/v20131028/includes/templates/template_default/images/spacer_150.png
Sling Bag Shoulder Chest Bag Cross Body Multipurpose Bag f Outdoor Travel HHI-542473,https://web.archive.org/web/20190225123327/https:/www.tinydeal.com/sling-bag-shoulder-chest-bag-cross-body-multipurpose-bag-f-outdoor-travel-p-172401.html,$9.35,$14.77 ,https://web.archive.org/web/20190225123327im_/https://www.tinydeal.com/v20131028/includes/templates/template_default/images/spacer_150.png
Sling Bag Shoulder Chest Bag Cross Body Multipurpose Bag f Outdoor Travel HHI-542473,https://web.archive.org/web/20190225123327/https:/www.tinydeal.com/sling-bag-shoulder-chest-bag-cross-body-multipurpose-bag-f-outdoor-travel-p-172401.html,$9.35,$14.77 ,https://web.archive.org/web/20190225123327im_/https://www.tinydeal.com/v20131028/includes/templates/template_default/images/spacer_150.png
Sling Bag Shoulder Chest Bag Cross Body Multipurpose Bag f Outdoor Travel HHI-542473,https://web.archive.org/web/20190225123327/https:/www.tinydeal.com/sling-bag-shoulder-chest-bag-cross-body-multipurpose-bag-f-outdoor-travel-p-172401.html,$9.35,$14.77 ,https://web.archive.org/web/20190225123327im_/https://www.tinydeal.com/v20131028/includes/templates/template_default/images/spacer_150.png
Sling Bag Shoulder Chest Bag Cross Body Multipurpose Bag f Outdoor Travel HHI-542473,https://web.archive.org/web/20190225123327/https:/www.tinydeal.com/sling-bag-shoulder-chest-bag-cross-body-multipurpose-bag-f-outdoor-travel-p-172401.html,$9.35,$14.77 ,https://web.archive.org/web/20190225123327im_/https://www.tinydeal.com/v20131028/includes/templates/template_default/images/spacer_150.png
Sling Bag Shoulder Chest Bag Cross Body Multipurpose Bag f Outdoor Travel HHI-542473,https://web.archive.org/web/20190225123327/https:/www.tinydeal.com/sling-bag-shoulder-chest-bag-cross-body-multipurpose-bag-f-outdoor-travel-p-172401.html,$9.35,$14.77 ,https://web.archive.org/web/20190225123327im_/https://www.tinydeal.com/v20131028/includes/templates/template_default/images/spacer_150.png
Sling Bag Shoulder Chest Bag Cross Body Multipurpose Bag f Outdoor Travel HHI-542473,https://web.archive.org/web/20190225123327/https:/www.tinydeal.com/sling-bag-shoulder-chest-bag-cross-body-multipurpose-bag-f-outdoor-travel-p-172401.html,$9.35,$14.77 ,https://web.archive.org/web/20190225123327im_/https://www.tinydeal.com/v20131028/includes/templates/template_default/images/spacer_150.png
Sling Bag Shoulder Chest Bag Cross Body Multipurpose Bag f Outdoor Travel HHI-542473,https://web.archive.org/web/20190225123327/https:/www.tinydeal.com/sling-bag-shoulder-chest-bag-cross-body-multipurpose-bag-f-outdoor-travel-p-172401.html,$9.35,$14.77 ,https://web.archive.org/web/20190225123327im_/https://www.tinydeal.com/v20131028/includes/templates/template_default/images/spacer_150.png
Sling Bag Shoulder Chest Bag Cross Body Multipurpose Bag f Outdoor Travel HHI-542473,https://web.archive.org/web/20190225123327/https:/www.tinydeal.com/sling-bag-shoulder-chest-bag-cross-body-multipurpose-bag-f-outdoor-travel-p-172401.html,$9.35,$14.77 ,https://web.archive.org/web/20190225123327im_/https://www.tinydeal.com/v20131028/includes/templates/template_default/images/spacer_150.png
Sling Bag Shoulder Chest Bag Cross Body Multipurpose Bag f Outdoor Travel HHI-542473,https://web.archive.org/web/20190225123327/https:/www.tinydeal.com/sling-bag-shoulder-chest-bag-cross-body-multipurpose-bag-f-outdoor-travel-p-172401.html,$9.35,$14.77 ,https://web.archive.org/web/20190225123327im_/https://www.tinydeal.com/v20131028/includes/templates/template_default/images/spacer_150.png
Sling Bag Shoulder Chest Bag Cross Body Multipurpose Bag f Outdoor Travel HHI-542473,https://web.archive.org/web/20190225123327/https:/www.tinydeal.com/sling-bag-shoulder-chest-bag-cross-body-multipurpose-bag-f-outdoor-travel-p-172401.html,$9.35,$14.77 ,https://web.archive.org/web/20190225123327im_/https://www.tinydeal.com/v20131028/includes/templates/template_default/images/spacer_150.png
Sling Bag Shoulder Chest Bag Cross Body Multipurpose Bag f Outdoor Travel HHI-542473,https://web.archive.org/web/20190225123327/https:/www.tinydeal.com/sling-bag-shoulder-chest-bag-cross-body-multipurpose-bag-f-outdoor-travel-p-172401.html,$9.35,$14.77 ,https://web.archive.org/web/20190225123327im_/https://www.tinydeal.com/v20131028/includes/templates/template_default/images/spacer_150.png
Sling Bag Shoulder Chest Bag Cross Body Multipurpose Bag f Outdoor Travel HHI-542473,https://web.archive.org/web/20190225123327/https:/www.tinydeal.com/sling-bag-shoulder-chest-bag-cross-body-multipurpose-bag-f-outdoor-travel-p-172401.html,$9.35,$14.77 ,https://web.archive.org/web/20190225123327im_/https://www.tinydeal.com/v20131028/includes/templates/template_default/images/spacer_150.png
Sling Bag Shoulder Chest Bag Cross Body Multipurpose Bag f Outdoor Travel HHI-542473,https://web.archive.org/web/20190225123327/https:/www.tinydeal.com/sling-bag-shoulder-chest-bag-cross-body-multipurpose-bag-f-outdoor-travel-p-172401.html,$9.35,$14.77 ,https://web.archive.org/web/20190225123327im_/https://www.tinydeal.com/v20131028/includes/templates/template_default/images/spacer_150.png
Sling Bag Shoulder Chest Bag Cross Body Multipurpose Bag f Outdoor Travel HHI-542473,https://web.archive.org/web/20190225123327/https:/www.tinydeal.com/sling-bag-shoulder-chest-bag-cross-body-multipurpose-bag-f-outdoor-travel-p-172401.html,$9.35,$14.77 ,https://web.archive.org/web/20190225123327im_/https://www.tinydeal.com/v20131028/includes/templates/template_default/images/spacer_150.png
Sling Bag Shoulder Chest Bag Cross Body Multipurpose Bag f Outdoor Travel HHI-542473,https://web.archive.org/web/20190225123327/https:/www.tinydeal.com/sling-bag-shoulder-chest-bag-cross-body-multipurpose-bag-f-outdoor-travel-p-172401.html,$9.35,$14.77 ,https://web.archive.org/web/20190225123327im_/https://www.tinydeal.com/v20131028/includes/templates/template_default/images/spacer_150.png
Sling Bag Shoulder Chest Bag Cross Body Multipurpose Bag f Outdoor Travel HHI-542473,https://web.archive.org/web/20190225123327/https:/www.tinydeal.com/sling-bag-shoulder-chest-bag-cross-body-multipurpose-bag-f-outdoor-travel-p-172401.html,$9.35,$14.77 ,https://web.archive.org/web/20190225123327im_/https://www.tinydeal.com/v20131028/includes/templates/template_default/images/spacer_150.png
Sling Bag Shoulder Chest Bag Cross Body Multipurpose Bag f Outdoor Travel HHI-542473,https://web.archive.org/web/20190225123327/https:/www.tinydeal.com/sling-bag-shoulder-chest-bag-cross-body-multipurpose-bag-f-outdoor-travel-p-172401.html,$9.35,$14.77 ,https://web.archive.org/web/20190225123327im_/https://www.tinydeal.com/v20131028/includes/templates/template_default/images/spacer_150.png
Sling Bag Shoulder Chest Bag Cross Body Multipurpose Bag f Outdoor Travel HHI-542473,https://web.archive.org/web/20190225123327/https:/www.tinydeal.com/sling-bag-shoulder-chest-bag-cross-body-multipurpose-bag-f-outdoor-travel-p-172401.html,$9.35,$14.77 ,https://web.archive.org/web/20190225123327im_/https://www.tinydeal.com/v20131028/includes/templates/template_default/images/spacer_150.png
Sling Bag Shoulder Chest Bag Cross Body Multipurpose Bag f Outdoor Travel HHI-542473,https://web.archive.org/web/20190225123327/https:/www.tinydeal.com/sling-bag-shoulder-chest-bag-cross-body-multipurpose-bag-f-outdoor-travel-p-172401.html,$9.35,$14.77 ,https://web.archive.org/web/20190225123327im_/https://www.tinydeal.com/v20131028/includes/templates/template_default/images/spacer_150.png
Sling Bag Shoulder Chest Bag Cross Body Multipurpose Bag f Outdoor Travel HHI-542473,https://web.archive.org/web/20190225123327/https:/www.tinydeal.com/sling-bag-shoulder-chest-bag-cross-body-multipurpose-bag-f-outdoor-travel-p-172401.html,$9.35,$14.77 ,https://web.archive.org/web/20190225123327im_/https://www.tinydeal.com/v20131028/includes/templates/template_default/images/spacer_150.png
Sling Bag Shoulder Chest Bag Cross Body Multipurpose Bag f Outdoor Travel HHI-542473,https://web.archive.org/web/20190225123327/https:/www.tinydeal.com/sling-bag-shoulder-chest-bag-cross-body-multipurpose-bag-f-outdoor-travel-p-172401.html,$9.35,$14.77 ,https://web.archive.org/web/20190225123327im_/https://www.tinydeal.com/v20131028/includes/templates/template_default/images/spacer_150.png
Sling Bag Shoulder Chest Bag Cross Body Multipurpose Bag f Outdoor Travel HHI-542473,https://web.archive.org/web/20190225123327/https:/www.tinydeal.com/sling-bag-shoulder-chest-bag-cross-body-multipurpose-bag-f-outdoor-travel-p-172401.html,$9.35,$14.77 ,https://web.archive.org/web/20190225123327im_/https://www.tinydeal.com/v20131028/includes/templates/template_default/images/spacer_150.png
Sling Bag Shoulder Chest Bag Cross Body Multipurpose Bag f Outdoor Travel HHI-542473,https://web.archive.org/web/20190225123327/https:/www.tinydeal.com/sling-bag-shoulder-chest-bag-cross-body-multipurpose-bag-f-outdoor-travel-p-172401.html,$9.35,$14.77 ,https://web.archive.org/web/20190225123327im_/https://www.tinydeal.com/v20131028/includes/templates/template_default/images/spacer_150.png
Sling Bag Shoulder Chest Bag Cross Body Multipurpose Bag f Outdoor Travel HHI-542473,https://web.archive.org/web/20190225123327/https:/www.tinydeal.com/sling-bag-shoulder-chest-bag-cross-body-multipurpose-bag-f-outdoor-travel-p-172401.html,$9.35,$14.77 ,https://web.archive.org/web/20190225123327im_/https://www.tinydeal.com/v20131028/includes/templates/template_default/images/spacer_150.png
Sling Bag Shoulder Chest Bag Cross Body Multipurpose Bag f Outdoor Travel HHI-542473,https://web.archive.org/web/20190225123327/https:/www.tinydeal.com/sling-bag-shoulder-chest-bag-cross-body-multipurpose-bag-f-outdoor-travel-p-172401.html,$9.35,$14.77 ,https://web.archive.org/web/20190225123327im_/https://www.tinydeal.com/v20131028/includes/templates/template_default/images/spacer_150.png
Sling Bag Shoulder Chest Bag Cross Body Multipurpose Bag f Outdoor Travel HHI-542473,https://web.archive.org/web/20190225123327/https:/www.tinydeal.com/sling-bag-shoulder-chest-bag-cross-body-multipurpose-bag-f-outdoor-travel-p-172401.html,$9.35,$14.77 ,https://web.archive.org/web/20190225123327im_/https://www.tinydeal.com/v20131028/includes/templates/template_default/images/spacer_150.png
Sling Bag Shoulder Chest Bag Cross Body Multipurpose Bag f Outdoor Travel HHI-542473,https://web.archive.org/web/20190225123327/https:/www.tinydeal.com/sling-bag-shoulder-chest-bag-cross-body-multipurpose-bag-f-outdoor-travel-p-172401.html,$9.35,$14.77 ,https://web.archive.org/web/20190225123327im_/https://www.tinydeal.com/v20131028/includes/templates/template_default/images/spacer_150.png
Sling Bag Shoulder Chest Bag Cross Body Multipurpose Bag f Outdoor Travel HHI-542473,https://web.archive.org/web/20190225123327/https:/www.tinydeal.com/sling-bag-shoulder-chest-bag-cross-body-multipurpose-bag-f-outdoor-travel-p-172401.html,$9.35,$14.77 ,https://web.archive.org/web/20190225123327im_/https://www.tinydeal.com/v20131028/includes/templates/template_default/images/spacer_150.png
Sling Bag Shoulder Chest Bag Cross Body Multipurpose Bag f Outdoor Travel HHI-542473,https://web.archive.org/web/20190225123327/https:/www.tinydeal.com/sling-bag-shoulder-chest-bag-cross-body-multipurpose-bag-f-outdoor-travel-p-172401.html,$9.35,$14.77 ,https://web.archive.org/web/20190225123327im_/https://www.tinydeal.com/v20131028/includes/templates/template_default/images/spacer_150.png
Sling Bag Shoulder Chest Bag Cross Body Multipurpose Bag f Outdoor Travel HHI-542473,https://web.archive.org/web/20190225123327/https:/www.tinydeal.com/sling-bag-shoulder-chest-bag-cross-body-multipurpose-bag-f-outdoor-travel-p-172401.html,$9.35,$14.77 ,https://web.archive.org/web/20190225123327im_/https://www.tinydeal.com/v20131028/includes/templates/template_default/images/spacer_150.png
Sling Bag Shoulder Chest Bag Cross Body Multipurpose Bag f Outdoor Travel HHI-542473,https://web.archive.org/web/20190225123327/https:/www.tinydeal.com/sling-bag-shoulder-chest-bag-cross-body-multipurpose-bag-f-outdoor-travel-p-172401.html,$9.35,$14.77 ,https://web.archive.org/web/20190225123327im_/https://www.tinydeal.com/v20131028/includes/templates/template_default/images/spacer_150.png
Sling Bag Shoulder Chest Bag Cross Body Multipurpose Bag f Outdoor Travel HHI-542473,https://web.archive.org/web/20190225123327/https:/www.tinydeal.com/sling-bag-shoulder-chest-bag-cross-body-multipurpose-bag-f-outdoor-travel-p-172401.html,$9.35,$14.77 ,https://web.archive.org/web/20190225123327im_/https://www.tinydeal.com/v20131028/includes/templates/template_default/images/spacer_150.png
Sling Bag Shoulder Chest Bag Cross Body Multipurpose Bag f Outdoor Travel HHI-542473,https://web.archive.org/web/20190225123327/https:/www.tinydeal.com/sling-bag-shoulder-chest-bag-cross-body-multipurpose-bag-f-outdoor-travel-p-172401.html,$9.35,$14.77 ,https://web.archive.org/web/20190225123327im_/https://www.tinydeal.com/v20131028/includes/templates/template_default/images/spacer_150.png
Sling Bag Shoulder Chest Bag Cross Body Multipurpose Bag f Outdoor Travel HHI-542473,https://web.archive.org/web/20190225123327/https:/www.tinydeal.com/sling-bag-shoulder-chest-bag-cross-body-multipurpose-bag-f-outdoor-travel-p-172401.html,$9.35,$14.77 ,https://web.archive.org/web/20190225123327im_/https://www.tinydeal.com/v20131028/includes/templates/template_default/images/spacer_150.png
Sling Bag Shoulder Chest Bag Cross Body Multipurpose Bag f Outdoor Travel HHI-542473,https://web.archive.org/web/20190225123327/https:/www.tinydeal.com/sling-bag-shoulder-chest-bag-cross-body-multipurpose-bag-f-outdoor-travel-p-172401.html,$9.35,$14.77 ,https://web.archive.org/web/20190225123327im_/https://www.tinydeal.com/v20131028/includes/templates/template_default/images/spacer_150.png
Sling Bag Shoulder Chest Bag Cross Body Multipurpose Bag f Outdoor Travel HHI-542473,https://web.archive.org/web/20190225123327/https:/www.tinydeal.com/sling-bag-shoulder-chest-bag-cross-body-multipurpose-bag-f-outdoor-travel-p-172401.html,$9.35,$14.77 ,https://web.archive.org/web/20190225123327im_/https://www.tinydeal.com/v20131028/includes/templates/template_default/images/spacer_150.png
Sling Bag Shoulder Chest Bag Cross Body Multipurpose Bag f Outdoor Travel HHI-542473,https://web.archive.org/web/20190225123327/https:/www.tinydeal.com/sling-bag-shoulder-chest-bag-cross-body-multipurpose-bag-f-outdoor-travel-p-172401.html,$9.35,$14.77 ,https://web.archive.org/web/20190225123327im_/https://www.tinydeal.com/v20131028/includes/templates/template_default/images/spacer_150.png
Sling Bag Shoulder Chest Bag Cross Body Multipurpose Bag f Outdoor Travel HHI-542473,https://web.archive.org/web/20190225123327/https:/www.tinydeal.com/sling-bag-shoulder-chest-bag-cross-body-multipurpose-bag-f-outdoor-travel-p-172401.html,$9.35,$14.77 ,https://web.archive.org/web/20190225123327im_/https://www.tinydeal.com/v20131028/includes/templates/template_default/images/spacer_150.png
Sling Bag Shoulder Chest Bag Cross Body Multipurpose Bag f Outdoor Travel HHI-542473,https://web.archive.org/web/20190225123327/https:/www.tinydeal.com/sling-bag-shoulder-chest-bag-cross-body-multipurpose-bag-f-outdoor-travel-p-172401.html,$9.35,$14.77 ,https://web.archive.org/web/20190225123327im_/https://www.tinydeal.com/v20131028/includes/templates/template_default/images/spacer_150.png
Sling Bag Shoulder Chest Bag Cross Body Multipurpose Bag f Outdoor Travel HHI-542473,https://web.archive.org/web/20190225123327/https:/www.tinydeal.com/sling-bag-shoulder-chest-bag-cross-body-multipurpose-bag-f-outdoor-travel-p-172401.html,$9.35,$14.77 ,https://web.archive.org/web/20190225123327im_/https://www.tinydeal.com/v20131028/includes/templates/template_default/images/spacer_150.png
Sling Bag Shoulder Chest Bag Cross Body Multipurpose Bag f Outdoor Travel HHI-542473,https://web.archive.org/web/20190225123327/https:/www.tinydeal.com/sling-bag-shoulder-chest-bag-cross-body-multipurpose-bag-f-outdoor-travel-p-172401.html,$9.35,$14.77 ,https://web.archive.org/web/20190225123327im_/https://www.tinydeal.com/v20131028/includes/templates/template_default/images/spacer_150.png
